,id,name,lastname,position,expected_salary,modality,location,about,skills,experiences
0,1,Alfredo,Gallardo,7,3587.0,hibrido,sonora,Need contain technology quality member amount here appear worker feel able head plant relate arrive place girl imagine and forward.,,
1,2,Alejandro,Villareal,8,8937.0,remoto,guerrero,News sure wonder strategy democratic character majority blood it though people commercial.,,
2,3,Jos,Otero,6,7471.0,presencial,queretaro,Woman upon huge space similar have how activity move girl health bill north mind expert campaign pull many boy make financial show remain yourself yes.,,
3,4,María,León,9,820.0,remoto,queretaro,Hand popular subject language environmental pull most material deal itself season PM anything something season.,,
4,5,Aldo,Caballero,17,9197.0,remoto,michoacan,Notice television real before design family quickly director development or another sure.,,
5,6,Abel,Leiva,1,2628.0,remoto,queretaro,Well sign blood check night Congress require star her heart source realize doctor argue special what direction too tonight team prepare tough however key hot wind store.,,
6,7,Sandra,Valle,8,8120.0,presencial,nayarit,Manage reach low behavior garden when range doctor remain example energy between decide natural hit finish price never no wall market then skin claim million.,,
7,8,Noelia,Bravo,3,5744.0,remoto,nuevo leon,Himself call hotel pull effort brother piece provide stock onto point century.,,
8,9,Jaqueline,Santillán,4,4545.0,presencial,quintana roo,Condition option foreign shake list very century door ask attack any each.,,
9,10,Gonzalo,Romero,14,1719.0,hibrido,guanajuato,Remember campaign cause safe political still daughter score treatment involve range anything cover with commercial keep or water education energy exactly likely person true.,,
10,11,Aide Sarahi,Flores Ontiveros,1,400.0,presencial,aguascalientes,ada dasd asd asd asdasd asd asdasdas,,asf asfasfasfasfasfasfasf asf sf administradorsoy desallorador de una empresa de informatica desarrollador
